month,all fuels,coal,petroleum liquids,natural gas,nuclear,hydroelectric,wind,geothermal,biomass,total,renewable,renewable_percent,hydroelectric_percent,wind_percent,geothermal_percent,biomass_percent
Feb-01,16259.34743,445.6568,2.67687,4131.07451,831.225,8775.34862,1627.64086,127.57523,131.60855,32332.15387,10662.17326,0.329769965,0.823035643,0.152655638,0.011965218,0.012343501
Mar-01,16995.837,328.62069,17.89297,4446.80801,859.62,9207.62745,1724.65103,142.61806,126.93415,33850.60936,11201.83069,0.330919617,0.821975238,0.161754174,0.013376078,0.011905092
Apr-01,15732.99589,247.71712,2.71076,3600.6325,836.503,8734.56369,1914.09234,135.37956,105.84044,31310.4353,10889.87603,0.347803406,0.802081095,0.179521782,0.012697183,0.009926723
May-01,13357.52229,490.71659,1.7368,3637.49502,854.566,6230.2063,1683.45205,129.31764,114.96075,26499.97344,8157.93674,0.307846978,0.763698776,0.157890142,0.012128638,0.010782112
Jun-01,14543.94005,474.74827,1.49744,4226.40003,820.076,7056.75528,1468.94909,136.70216,120.53164,28849.59996,8782.93817,0.30443882,0.803461796,0.137772015,0.012821229,0.011304603
Jul-01,17936.43552,408.80264,2.52025,4281.39091,837.443,10412.92063,1418.57568,148.90132,136.43866,35583.42861,12116.83629,0.340519078,0.859376192,0.133047517,0.013965382,0.012796515
Aug-01,19402.29925,285.51973,2.88573,3183.86543,840.895,13050.61596,1427.59681,149.59083,143.06306,38486.3318,14770.86666,0.383795129,0.883537592,0.133893605,0.014030051,0.013417814
Sep-01,17860.36869,1.89847,1.73697,1285.22301,650.116,13832.56747,1513.64563,147.77344,124.94112,35418.2708,15618.92766,0.440985043,0.8856285,0.141964081,0.013859598,0.011718166
Oct-01,15495.11328,1.94191,0.008,1363.41836,847.7,10642.0965,2092.28603,137.47977,125.55446,30705.59831,12997.41676,0.423291435,0.818785509,0.19623448,0.01289416,0.011775691
Nov-01,14002.03248,290.85767,2.31635,2662.11012,827.383,7495.69989,2221.89104,121.74582,121.11305,27745.14942,9960.4498,0.358997879,0.752546325,0.208390071,0.011418481,0.011359134
Dec-01,17244.92135,398.16871,1.69049,2412.37418,853.749,11050.45792,2037.40988,132.85699,135.17267,34266.80119,13355.89746,0.389762014,0.827384154,0.191087673,0.012460592,0.012677778
Jan-02,17503.06657,341.38144,2.71141,3251.91555,755.9,10744.76927,1983.64247,129.43438,123.36638,34836.18747,12981.2125,0.372635855,0.827716923,0.186044854,0.012139587,0.011570472
Feb-02,19979.77982,295.59859,4.04519,3744.90671,867.584,12998.11451,1667.96936,138.38125,130.69241,39827.07184,14935.15753,0.37500014,0.870303141,0.156438028,0.01297871,0.012257577
Mar-02,18363.04023,113.2944,3.57129,3745.54061,631.147,11801.81599,1727.72363,143.72698,119.69624,36649.55637,13792.96284,0.376347334,0.855640382,0.162042352,0.013480083,0.011226252
Apr-02,15065.20323,268.03603,3.44382,3598.39161,836.592,8390.37626,1591.57632,141.72388,124.85536,30020.19851,10248.53182,0.341387876,0.81869056,0.149273162,0.013292213,0.011710123
May-02,13225.23463,445.96813,2.34603,3534.86362,848.536,6329.42638,1629.38988,157.41585,121.32568,26294.5062,8237.55779,0.313280566,0.768362,0.152819678,0.014763955,0.011379076
Jun-02,13368.23307,360.70935,2.55594,4291.51001,815.383,6076.64073,1300.78143,165.869,126.84773,26508.53026,7670.13889,0.289346064,0.792246505,0.121999652,0.015556772,0.011896986
Jul-02,16444.20781,420.86105,2.67049,4554.40421,849.376,8159.18268,1904.5899,163.97848,136.84327,32636.11389,10364.59433,0.317580529,0.78721679,0.178630552,0.015379461,0.012834463
Aug-02,17064.28853,439.65741,1.61847,4477.30092,845.579,8865.44503,1851.14129,154.13154,137.84527,33837.00746,11008.56313,0.32534092,0.805322632,0.173617634,0.014455922,0.01292844
Sep-02,16564.98558,65.12178,3.13088,2996.26638,304.057,10857.53137,1758.20795,146.3281,112.75749,32808.38653,12874.82491,0.392424812,0.843314876,0.164901461,0.013724041,0.01057547
Oct-02,14407.68095,1.68649,3.39048,1864.78099,150.615,9791.53002,2070.93634,123.64336,102.47572,28516.73935,12088.58544,0.42391191,0.809981455,0.194232103,0.01159645,0.009611148
Nov-02,13823.02192,28.53481,1.36826,3265.16985,746.667,7137.30805,2100.17512,154.76175,108.40604,27365.4128,9500.65096,0.34717733,0.751244107,0.196974394,0.014515029,0.010167349
Dec-02,15882.75727,399.67467,1.71043,3969.22736,849.781,8275.86942,1855.78227,152.14174,144.08867,31531.03283,10427.8821,0.330718063,0.793628979,0.174052909,0.014269299,0.013514006
Jan-03,16605.07929,241.04805,5.56339,3160.97423,768.461,9637.86687,2398.07653,140.3074,120.1165,33077.49326,12296.3673,0.371744231,0.7837979,0.224914421,0.013159362,0.011265668
Feb-03,17848.01509,364.04347,1.22578,3362.90438,865.094,11711.15462,1165.33136,142.53244,139.48332,35599.78446,13158.50174,0.369623073,0.890006693,0.109295857,0.013368048,0.013082072
Mar-03,16654.53778,885.69227,0.63267,3834.66516,858.272,9431.48125,1282.73003,147.39111,124.73359,33220.13586,10986.33598,0.330713156,0.858473768,0.12030662,0.01382374,0.011698702
Apr-03,15604.80022,821.24812,1.20792,2920.62917,795.088,9120.20803,1585.37347,135.78714,129.67631,31114.01838,10971.04495,0.35260778,0.831298028,0.1486914,0.012735409,0.012162278
May-03,14823.45236,856.46139,0.93131,3487.21017,858.556,7347.71356,1813.64344,156.21111,131.65561,29475.83495,9449.22372,0.320575269,0.777599703,0.170100729,0.014650963,0.012347915
Jun-03,14943.11595,1142.87774,1.2747,4269.71791,817.086,7189.15135,1055.3474,144.75109,126.00398,29689.32612,8515.25382,0.28681196,0.844267417,0.098980515,0.013576134,0.011817851
Jul-03,17263.42499,946.82307,3.07901,3778.86863,848.524,9413.53526,1752.37737,138.32038,139.76449,34284.7172,11443.9975,0.333792968,0.82257404,0.164354614,0.012973001,0.013108443
Aug-03,18109.49129,394.37352,2.99733,2581.10286,765.921,11904.4105,1954.59726,104.60354,116.23458,35933.73188,14079.84588,0.3918281,0.845492955,0.183320718,0.009810715,0.010901584
Sep-03,16507.14713,1.76062,0.28419,711.81632,420.416,13108.05682,1820.11411,104.52383,93.07226,32767.19128,15125.76702,0.461613169,0.866604437,0.17070761,0.009803239,0.008729202
Oct-03,16617.82092,2.55081,0.66565,663.477,788.141,12959.9231,1757.23028,118.24333,110.67628,33018.72837,14946.07299,0.452654409,0.867112258,0.164809766,0.011089984,0.010380274
Nov-03,14299.23787,2.96145,1.15306,3551.24099,835.101,7576.27703,1852.1761,157.3831,110.83197,28386.36257,9696.6682,0.34159601,0.781327862,0.173714688,0.014760884,0.010394876
Dec-03,16763.34807,367.44886,2.20297,4353.95492,853.818,8826.56477,1890.05259,163.8394,138.52989,33359.75947,11018.98665,0.330307737,0.80103235,0.177267105,0.015366417,0.01299265
Jan-04,17971.11632,479.96633,2.38034,3067.1679,724.803,11057.73329,2223.75272,139.19587,128.91337,35795.02914,13549.59525,0.378532874,0.816093255,0.208564677,0.013055112,0.012090722
Feb-04,17867.89265,918.24018,4.07909,3971.59815,861.324,9903.35987,1826.02653,160.58349,131.76805,35644.87201,12021.73794,0.337264163,0.823787702,0.171262133,0.015061047,0.012358461
Mar-04,16105.01108,1215.21624,2.70437,4616.22895,860.281,8334.09569,699.41925,160.36614,122.04101,32115.36373,9315.92209,0.290076805,0.894607706,0.065598188,0.015040662,0.011446166
Apr-04,15114.1826,1035.33244,2.5236,3494.72406,839.295,8472.0069,864.44999,160.88057,133.77744,30117.1726,9631.1149,0.31978815,0.879649655,0.081076341,0.01508891,0.01254692
May-04,13696.77074,1021.91787,2.95143,3511.47228,861.659,6632.54619,1229.35394,149.12677,132.92322,27238.72144,8143.95012,0.298984302,0.814413901,0.115300503,0.013986527,0.012466804
Jun-04,14568.4074,1052.73411,1.59062,4441.18462,822.885,6285.96446,1517.05778,162.64909,116.35153,28968.82461,8082.02286,0.278990362,0.77777118,0.142284105,0.015254778,0.010912553
Jul-04,17255.79926,1190.56225,1.37233,4853.77335,848.354,8224.76909,1619.34252,176.62192,138.54075,34309.13547,10159.27428,0.296109889,0.809582344,0.151877341,0.016565283,0.012993669
Aug-04,17286.18693,1050.94508,3.77961,4467.99553,838.342,8492.43559,1928.7956,161.62079,141.21895,34371.32008,10724.07093,0.312006373,0.791904086,0.180900793,0.015158335,0.013244856
Sep-04,15881.55962,123.26483,3.60598,2428.03016,244.696,10604.20932,2036.80244,132.99545,108.98596,31564.14976,12882.99317,0.408152707,0.823116894,0.191030702,0.012473578,0.01022174
Oct-04,15804.97008,3.55774,0.83124,768.01879,243.895,12741.67444,1639.16885,131.39905,98.87867,31432.39386,14611.12101,0.464842769,0.872053173,0.153736842,0.012323852,0.009273782
Nov-04,14897.24014,222.5417,0.99614,2090.20007,816.44,9700.2651,1681.95704,123.62815,108.18628,29641.45462,11614.03657,0.391817363,0.835219094,0.157749926,0.011595024,0.010146738
Dec-04,15336.16728,796.52516,2.35251,3205.74034,861.349,9172.10891,882.03132,166.36933,130.71193,30553.35578,10351.22149,0.338791639,0.886089523,0.082725285,0.015603698,0.012259408
Jan-05,14609.05571,968.65339,1.50656,2958.37594,779.746,8640.64344,912.09582,139.00429,111.99941,29121.08056,9803.74296,0.336654505,0.881361688,0.08554502,0.013037144,0.01050437
Feb-05,16574.44729,1079.01883,2.49987,4091.9477,849.557,9372.84212,786.48652,158.64834,135.92338,33051.37105,10453.90036,0.316292487,0.896588048,0.073764185,0.01487955,0.012748187
Mar-05,15323.12479,1160.83226,2.54906,3208.96557,812.669,8667.17525,1078.16641,172.46079,136.97434,30562.91747,10054.77679,0.328986158,0.861995789,0.101120699,0.016175013,0.012846756
Apr-05,14327.93985,856.25329,3.16385,2383.22919,840.361,8661.3734,1180.92368,168.30542,133.49995,28555.04963,10144.10245,0.355247236,0.853833392,0.110758253,0.015785283,0.012520895
May-05,12756.20403,909.36345,6.86779,2637.25564,862.462,6991.48633,911.45778,169.13663,133.73675,25377.9704,8205.81749,0.323344119,0.852015822,0.085485178,0.015863242,0.012543104
Jun-05,14686.93319,1117.92479,1.15802,4174.00434,829.277,6813.77754,1262.49728,173.74109,123.4502,29182.76345,8373.46611,0.286931912,0.813734414,0.118409001,0.016295092,0.011578334
Jul-05,17012.4305,1022.75775,1.96161,4454.67256,849.255,8348.76096,1841.97019,184.98499,120.32723,33837.12079,10496.04337,0.310193158,0.795419823,0.172757481,0.017349651,0.011285432
Aug-05,18589.44836,960.71011,5.57055,4225.76567,848.521,10310.11989,1736.54211,175.06747,143.91913,36995.66429,12365.6486,0.334245886,0.833771056,0.162869433,0.016419492,0.013498105
Sep-05,17860.14449,115.83482,2.32256,1508.95526,723.96,13125.99017,1961.52282,119.49334,121.36065,35539.58411,15328.36698,0.431304062,0.856320193,0.183970263,0.011207222,0.011382356
Oct-05,17948.67546,0.71048,0.49195,650.43446,602.753,14517.76577,1760.42147,143.71907,100.69421,35725.66587,16522.60052,0.462485446,0.878661065,0.165109066,0.013479341,0.009444061
Nov-05,16890.46383,2.98739,0.47523,1481.80777,822.479,12327.01542,1802.89491,185.51763,116.15801,33629.79919,14431.58597,0.429130899,0.854169143,0.169092629,0.017399608,0.010894403
Dec-05,17817.9385,4.82961,0.63008,2706.59059,866.437,12156.0144,1606.92511,206.43496,130.12738,35495.92763,14099.50185,0.397214633,0.862159141,0.150712718,0.019361434,0.012204583
Jan-06,17653.47648,66.66477,1.64588,1812.55647,787.939,12729.54941,1848.26031,162.17173,125.79104,35188.05509,14865.77249,0.422466444,0.856299221,0.173347428,0.015210007,0.01179788
Feb-06,18175.62922,660.72654,0.83309,2492.35885,862.328,12701.46311,1011.00594,201.4931,141.79744,36247.63529,14055.75959,0.387770388,0.903648289,0.094821751,0.018897939,0.013299112
Mar-06,17404.62443,894.51615,2.73561,3948.60853,867.003,10484.79326,782.61861,209.47227,130.61875,34724.99061,11607.50289,0.334269432,0.903277247,0.073401416,0.019646301,0.012250668
Apr-06,14361.9119,816.76498,1.50474,3013.10364,841.597,8183.07214,1119.15772,188.001,117.78644,28642.89956,9608.0173,0.335441504,0.85169207,0.104965254,0.017632522,0.011047132
May-06,13961.40339,946.57557,4.02684,3349.44033,858.052,6933.76504,1475.28353,160.56162,119.58129,27808.68961,8689.19148,0.312463176,0.79797586,0.138366119,0.015058996,0.011215471
Jun-06,14644.90196,1210.90318,4.01643,3385.25819,735.65,7733.93792,1168.1953,184.77968,110.34009,29177.98275,9197.25299,0.315212092,0.840896508,0.109564464,0.017330396,0.010348743
Jul-06,15915.58686,1226.1327,1.55568,4192.49342,537.019,8141.82761,1363.9596,193.29077,136.92777,31708.79341,9836.00575,0.310198046,0.827757508,0.127925102,0.018128647,0.012842388
Aug-06,18068.70968,759.2635,6.22882,3360.3179,855.834,10791.24859,1844.68367,208.06721,121.0096,36015.36297,12965.00907,0.359985517,0.83233637,0.173011977,0.019514522,0.011349431
Sep-06,17225.32614,1.14183,0.68638,613.43343,269.717,14247.2101,1700.72665,156.88139,118.25711,34333.38003,16223.07525,0.472516112,0.878206498,0.159510318,0.014713829,0.011091276
Oct-06,16790.85704,3.10106,0.62371,497.1204,223.028,14338.02278,1363.55322,143.20102,106.58967,33466.0969,15951.36669,0.476642578,0.898858578,0.127886988,0.013430753,0.009996993
Nov-06,16718.37913,4.37559,0.95957,533.9024,551.25,13513.98209,1741.2426,147.37387,122.68334,33334.14859,15525.2819,0.465747066,0.87045003,0.163310289,0.013822123,0.01150641
Dec-06,17149.6718,3.4057,1.00735,670.44012,791.639,13863.13995,1413.2615,194.01174,121.63012,34208.20728,15592.04331,0.455798317,0.889116306,0.132549103,0.018196266,0.011407629
Jan-07,15165.90346,501.14314,4.33949,1774.0469,756.843,10781.73358,998.89715,182.16287,115.32817,30280.39776,12078.12177,0.398875928,0.892666408,0.093686074,0.017084966,0.010816572
Feb-07,18614.57286,874.12163,5.99586,3656.88929,840.627,12134.46865,724.8437,189.59044,125.31009,37166.41952,13174.21288,0.354465484,0.921077317,0.067982735,0.017781594,0.011752772
Mar-07,17875.83206,1087.99521,4.5099,3043.43569,652.581,11224.59584,1461.72214,210.82853,130.31247,35691.81284,13027.45898,0.364998523,0.86161053,0.137094203,0.019773504,0.012221943
Apr-07,14376.02537,446.33711,1.14967,1822.93028,819.18,9629.55191,1278.9257,198.39064,130.40894,28702.89962,11237.27719,0.391503205,0.856929285,0.119949814,0.018606961,0.012230991
May-07,13259.69342,814.62574,1.84263,1958.88621,841.002,8059.31575,1197.24611,201.90227,125.12115,26459.63528,9583.58528,0.362196424,0.84094997,0.112289125,0.018936315,0.011735051
Jun-07,14033.84719,1146.77822,1.24674,3706.28368,801.132,6604.61909,1399.41824,193.69376,120.67751,28007.69643,8318.4086,0.297004383,0.793976277,0.13125075,0.018166443,0.011318284
Jul-07,15686.33778,1172.58912,2.14374,4136.62188,822.608,7797.03394,1369.56979,192.71625,135.89617,31315.51667,9495.21615,0.303211224,0.821153918,0.128451279,0.018074763,0.012745635
Aug-07,15969.65705,878.08055,3.13373,3111.86063,830.056,9005.47467,1781.50291,202.1258,103.13358,31885.02492,11092.23696,0.347882336,0.811871826,0.167086284,0.01895728,0.009672848
Sep-07,15984.66234,279.5894,6.28298,2151.38998,814.125,10611.87406,1775.04412,174.71736,123.57266,31921.2579,12685.2082,0.397390612,0.836554977,0.166480517,0.016386655,0.011589819
Oct-07,16507.22915,1.66505,0.94002,1244.63435,829.788,12274.20271,1852.97015,144.93657,108.15541,32964.52141,14380.26484,0.436234601,0.853544969,0.173789161,0.01359353,0.010143843
Nov-07,16954.86276,2.67256,1.03105,770.86772,814.036,13272.91766,1723.52356,176.4082,140.4438,33856.76331,15313.29322,0.452296431,0.866757886,0.161648429,0.016545239,0.013172155
Dec-07,17632.54787,5.76781,1.256,1768.03242,744.868,13018.57925,1708.75224,186.1691,144.90334,35210.87603,15058.40393,0.427663428,0.864539118,0.160263034,0.017460709,0.013590413
Jan-08,15376.0647,6.82492,1.86965,2650.39254,795.433,10306.62867,1257.09292,185.82079,128.41714,30708.54433,11877.95952,0.386796567,0.867710372,0.117902128,0.017428041,0.012044181
Feb-08,16272.77379,686.19102,1.64515,3244.98359,860.813,10123.65391,971.62215,195.54776,141.08366,32498.31403,11431.90748,0.351769248,0.885561218,0.091127965,0.018340328,0.013232167
Mar-08,16575.99323,1104.02296,4.50515,3442.79111,859.619,9216.63481,1552.02698,190.08893,148.01033,33093.6925,11106.76105,0.335615648,0.829822013,0.145563849,0.017828348,0.013881816
Apr-08,15075.20159,815.58455,4.17744,3371.74933,803.927,8315.5833,1357.73635,197.673,151.20243,30092.83499,10022.19508,0.333042569,0.829716767,0.127341426,0.018539654,0.014181202
May-08,13779.52876,1010.78102,1.8314,3478.60071,853.373,6826.53811,1196.10609,206.90165,152.02653,27505.68727,8381.57238,0.304721431,0.814469863,0.112182203,0.019405204,0.014258494
Jun-08,13852.60652,976.60366,1.98106,3562.91527,823.629,6827.43491,1274.29895,186.45235,145.80403,27651.72575,8433.99024,0.305007735,0.809514206,0.119515873,0.017487274,0.013674888
Jul-08,15551.10734,979.04338,1.5448,3637.7039,836.585,8068.61865,1632.81621,197.66494,134.73491,31039.81913,10033.83471,0.323256868,0.804141077,0.153141031,0.018538898,0.012636721
Aug-08,15632.74042,989.04286,2.19998,3873.79306,581.011,8044.15587,1750.14848,201.30522,138.21172,31212.60861,10133.82129,0.324670758,0.793792947,0.164145567,0.018880318,0.012962809
Sep-08,14245.9633,835.6083,5.26712,3265.10649,20.075,8421.55692,1371.07171,140.24458,133.46295,28438.35637,10066.33616,0.353970392,0.836605969,0.128592143,0.01315347,0.012517425
Oct-08,13456.55402,174.21249,1.94475,2082.90248,185.997,9320.52896,1326.76487,187.08545,122.11884,26858.10886,10956.49812,0.407940044,0.850685033,0.124436626,0.017546653,0.011453466
Nov-08,14356.08414,9.40326,0.85887,1825.54132,783.078,9796.72078,1538.62094,195.50304,153.32141,28659.13176,11684.16617,0.407694353,0.838461268,0.144306503,0.018336134,0.01437994
Dec-08,16721.28103,12.306,0.55115,1572.74331,822.761,12695.78424,1209.35447,188.7831,148.58975,33372.15405,14242.51156,0.426778312,0.891400662,0.113424763,0.017705874,0.01393616
Jan-09,16197.10497,10.63742,0.91695,866.54724,754.72,13089.61235,1122.46094,168.19993,131.13703,32341.33683,14511.41025,0.448695437,0.902022073,0.105275061,0.015775389,0.012299278
Feb-09,17376.92199,591.02122,2.01852,2106.21307,836.137,12792.22021,645.72002,185.70393,158.42158,34694.37754,13782.06574,0.397242052,0.928178725,0.060561764,0.017417081,0.014858282
Mar-09,16717.18086,819.10854,4.18842,2242.71755,836.561,11189.24367,1208.07228,205.88226,153.77191,33376.72649,12756.97012,0.382211543,0.877108245,0.113304507,0.019309596,0.014422192
Apr-09,14852.13888,1053.07742,3.52911,2395.04543,804.052,8670.73211,1578.70507,155.42387,137.858,29650.56189,10542.71905,0.355565574,0.822437937,0.148065974,0.014577129,0.012929634
May-09,13274.73652,1107.59813,1.90343,2869.62239,828.06,6975.3045,1111.53663,185.741,137.48263,26491.98523,8410.06476,0.317456947,0.829399618,0.104250475,0.017420557,0.012894428
Jun-09,13591.57695,1162.28122,1.04956,3562.70423,800.601,6419.58738,1250.61265,177.78301,165.44115,27131.63715,8013.42419,0.295353507,0.801104151,0.117294347,0.016674181,0.015516644
Jul-09,15749.10523,1145.56456,2.54756,3536.86974,598.232,8775.12069,1271.94396,198.30016,162.47779,31440.16169,10407.8426,0.331036548,0.843125807,0.119295,0.018598475,0.015238712
Aug-09,18482.35852,1072.37835,2.9346,2462.43222,820.147,12261.52265,1473.38559,169.34343,169.21096,36913.71332,14073.46263,0.381252964,0.871251303,0.138188112,0.015882637,0.015870213
Sep-09,17533.00782,282.85451,4.17212,673.88604,799.534,13409.5772,2052.79547,135.97653,121.57035,35013.37404,15719.91955,0.448969001,0.853030905,0.19253068,0.012753172,0.011402023
Oct-09,17259.93073,26.82129,1.45106,804.26421,777.212,13592.93851,1715.44378,167.98579,121.40972,34467.45709,15597.7778,0.452536367,0.871466351,0.160890631,0.015755305,0.011386958
Nov-09,16201.99535,212.10851,0.92492,631.21365,811.566,12419.8169,1774.41323,176.45041,146.9469,32375.43587,14517.62744,0.448414888,0.855499079,0.166421346,0.016549197,0.013782078
Dec-09,17735.69052,517.32309,4.60383,971.25174,835.874,13367.20121,1692.36665,169.61313,149.19698,35443.12115,15378.37797,0.433888932,0.869220488,0.158726238,0.015907932,0.013993112
Jan-10,14019.82792,1229.45433,3.33474,2857.20679,745.364,7418.80269,1398.39833,176.33499,141.71282,27990.43661,9135.24883,0.326370358,0.812107347,0.131155093,0.016538372,0.013291176
Feb-10,16221.13691,1361.62259,2.78638,3303.09686,840.118,9227.44301,1101.32223,183.0755,136.06159,32376.66307,10647.90233,0.328875842,0.866597262,0.103292472,0.017170561,0.01276115
Mar-10,16805.03804,1257.14648,1.89883,3709.52829,838.615,9193.5759,1404.01003,191.6484,147.27347,33548.73444,10936.5078,0.325988684,0.840631769,0.131681412,0.017974609,0.013812707
Apr-10,14501.74477,1144.30069,2.80882,2815.2576,813.66,8142.85812,1207.00767,181.52283,135.539,28944.6995,9666.92762,0.333979201,0.842341894,0.113204657,0.017024937,0.012712136
May-10,14012.99495,1324.43114,1.27193,2864.53905,836.946,7725.80187,865.32351,182.23034,146.51579,27960.05458,8919.87151,0.319021963,0.866133762,0.081158268,0.017091294,0.013741644
Jun-10,13670.13406,1200.85159,1.75277,3006.26579,792.921,6839.13364,1463.5376,171.19095,132.2365,27278.0239,8606.09869,0.31549568,0.794684547,0.137264474,0.016055915,0.012402396
Jul-10,16216.5438,1298.90382,1.48052,3672.78197,821.066,8768.48646,1256.28165,181.87805,152.85667,32370.27894,10359.50283,0.320031312,0.846419621,0.11782604,0.017058253,0.014336352
Aug-10,17897.36441,729.31439,3.82393,2833.58497,806.046,11548.90725,1593.67019,175.59367,145.8623,35734.16711,13464.03341,0.376783188,0.857759848,0.149469545,0.016468844,0.013680354
Sep-10,16153.45914,459.01828,4.0362,1310.9112,78.26,12603.0636,1402.59977,132.80124,107.42129,32251.57072,14245.8859,0.441711383,0.884680931,0.131549144,0.012455363,0.01007499
Oct-10,16395.93085,101.30772,2.85226,804.36423,254.663,13433.65378,1514.75498,125.91006,110.54145,32743.97833,15184.86027,0.463745123,0.884674178,0.142068127,0.011809043,0.010367628
Nov-10,16691.54017,219.26804,1.69291,1058.73483,801.738,12142.46082,2143.56061,153.04406,121.32022,33333.35966,14560.38571,0.436811226,0.833938129,0.201043498,0.014353927,0.011378564
Dec-10,14923.63555,1240.79086,2.31615,2635.17078,820.505,8383.70273,1450.52179,183.27742,157.86608,29797.78636,10175.36802,0.341480669,0.823921328,0.136043727,0.017189499,0.014806182
Jan-11,14194.77763,747.83696,2.91626,2126.80848,757.369,8686.60965,1524.10686,162.85016,135.60197,28338.87697,10509.16864,0.370839277,0.826574389,0.142945235,0.015273637,0.012718042
Feb-11,17791.39576,867.86886,3.70143,2341.3134,839.101,12257.95097,1094.82336,179.02273,153.2755,35528.45301,13685.07256,0.385186277,0.895716915,0.102682946,0.016790454,0.014375634
Mar-11,17311.63206,935.89137,3.10072,1223.9573,835.625,12406.05155,1567.29758,162.98004,120.97505,34567.51067,14257.30422,0.412448104,0.870154088,0.146996071,0.015285818,0.011346191
Apr-11,13730.66241,1168.01093,2.64354,1697.24261,810.062,8939.78519,773.27796,140.43473,129.76474,27391.88411,9983.26262,0.364460604,0.895477313,0.072525361,0.013171304,0.012170571
May-11,13000.34737,1157.74278,1.50062,2626.70714,833.315,6959.52262,1072.50633,157.10472,133.5846,25942.33118,8322.71827,0.320816129,0.836207882,0.100589843,0.014734775,0.012528834
Jun-11,13598.26109,1042.33158,2.58254,2598.09505,798.766,7988.72442,828.49736,149.6843,131.09562,27138.03796,9098.0017,0.335249059,0.878074624,0.077704361,0.014038817,0.012295394
Jul-11,17151.4482,815.3991,5.05495,2104.10888,826.197,11798.78969,1259.11918,167.96105,108.07596,34236.15401,13333.94588,0.389469736,0.884868575,0.11809217,0.015752984,0.010136391
Aug-11,18302.97435,106.61775,2.31596,1016.71432,772.557,14791.91779,1313.51174,135.28695,99.87459,36541.77045,16340.59107,0.447175681,0.905225382,0.123193622,0.012688497,0.009367189
Sep-11,17469.38354,2.60733,1.02339,270.58267,715.548,14670.78442,1560.73155,94.47988,99.74033,34884.88111,16425.73618,0.470855444,0.893158411,0.146380246,0.008861222,0.009354597
Oct-11,17991.95529,4.32016,1.29563,309.39159,500.353,15441.16103,1469.65598,114.58039,91.66835,35924.38142,17117.06575,0.476474892,0.902091588,0.137838313,0.010746439,0.00859753
Nov-11,17171.85335,3.50626,3.51505,676.08738,785.739,14189.25005,1238.58638,110.44059,106.55951,34285.53757,15644.83653,0.456310084,0.906960582,0.116166409,0.010358169,0.009994164
Dec-11,17552.03902,80.05064,2.65515,1596.39565,826,13151.09837,1565.63538,144.15166,112.10212,35030.12799,14972.98753,0.427431711,0.8783216,0.146840174,0.013519913,0.010514003
Jan-12,14227.88598,373.01445,2.89328,2426.06354,785.874,9218.92149,1086.73101,158.4736,118.00261,28397.85996,10582.12871,0.372638245,0.871178356,0.101923968,0.014863161,0.011067407
Feb-12,15758.85055,784.5363,4.07594,2415.1019,843.673,10258.93152,1098.25814,169.12938,129.52238,31462.07911,11655.84142,0.370472701,0.880153663,0.103005092,0.015862562,0.01214784
Mar-12,15876.29932,1320.45215,3.23073,2859.91758,832.632,9838.26802,670.40098,180.01772,112.64728,31693.86578,10801.334,0.340802036,0.910838237,0.062876579,0.016883774,0.010565133
Apr-12,14637.93357,1219.71546,2.75879,2301.28791,748.464,8972.94955,1069.48984,166.45945,106.33647,29225.39504,10315.23531,0.352954521,0.869873472,0.100306927,0.01561215,0.009973245
May-12,13251.33172,1248.34921,2.17101,1367.03357,805.467,8505.70935,996.25071,167.50338,104.21029,26448.02624,9773.67373,0.369542651,0.870267372,0.093437865,0.01571006,0.009773832
Jun-12,13265.71641,1338.53611,3.8008,2216.64409,13.801,8657.58637,695.78707,182.86226,111.02206,26485.75617,9647.25776,0.364243244,0.897414227,0.065257528,0.017150562,0.010412705
Jul-12,15940.18426,1230.39184,6.53482,1499.28201,0,11634.92999,1225.08972,175.5708,116.10675,31828.09019,13151.69726,0.413210381,0.884671367,0.114900564,0.016466699,0.010889595
Aug-12,17685.25255,314.94672,5.33673,505.68239,0,15457.49888,1111.0238,144.32245,95.27663,35319.34015,16808.12176,0.475890028,0.919644628,0.104202377,0.013535932,0.008935948
Sep-12,17250.34993,121.66278,3.72514,206.08041,0,15305.54684,1329.8935,144.66582,91.6068,34453.53122,16871.71296,0.489694738,0.907172074,0.124730059,0.013568136,0.008591757
Oct-12,16392.40923,5.4481,1.59441,279.38197,0,14710.71943,1133.54398,129.32393,86.19614,32738.61719,16059.78348,0.490545565,0.91599737,0.106314534,0.012129228,0.008084294
Nov-12,16243.23732,107.26167,1.79667,564.64631,22.512,13899.0079,1395.55874,120.55068,87.33235,32441.90364,15502.44967,0.477852651,0.896568491,0.13088877,0.011306389,0.008190858
Dec-12,17243.32796,365.16735,3.69961,489.29467,814.989,14300.74651,967.13662,132.90567,102.38515,34419.65254,15503.17395,0.450416341,0.922439918,0.090707269,0.012465158,0.009602653
Jan-13,16110.33895,365.13127,5.63678,739.66369,745.596,13074.10334,889.93394,121.55182,105.13465,32157.09044,14190.72375,0.441293772,0.921313357,0.083466468,0.011400286,0.009860527
Feb-13,17630.16964,1008.45063,4.84175,1429.06599,822.817,13180.25554,860.32716,148.87827,118.1015,35202.90748,14307.56247,0.406431272,0.921209016,0.080689662,0.01396322,0.011076682
Mar-13,14939.18294,1352.28195,4.19733,2181.17274,808.065,9648.72172,608.03472,175.69439,112.09653,29829.44732,10544.54736,0.35349456,0.915043708,0.057027278,0.016478291,0.010513479
Apr-13,14109.41073,1318.44487,2.11331,2354.13067,797.673,8591.26762,712.13588,171.41755,109.65247,28166.2461,9584.47352,0.340282247,0.896373453,0.066790875,0.016077168,0.010284251
May-13,13249.51316,1045.80032,3.97502,2807.14103,819.251,7583.25109,655.88055,172.15572,118.80337,26455.77126,8530.09073,0.322428352,0.889000051,0.061514715,0.016146401,0.01114251
Jun-13,12861.7546,1219.54874,0.96181,3349.30992,791.481,6500.51404,661.41225,177.73647,119.834,25682.55283,7459.49676,0.290449972,0.871441365,0.06203353,0.016669816,0.011239172
Jul-13,14744.38264,1382.23614,1.70864,3638.42254,770.477,7649.5066,953.50963,176.68619,129.05021,29445.97959,8908.75263,0.302545636,0.858650691,0.0894292,0.016571311,0.012103556
Aug-13,16346.56132,1235.9812,1.00455,2231.43031,765.215,10895.7509,908.54441,153.5095,113.2551,32651.25229,12071.05991,0.36969669,0.90263415,0.085211935,0.014397581,0.01062214
Sep-13,17249.55396,192.36833,3.48276,149.26657,567.612,15021.59133,1056.36944,114.64178,96.66245,34451.54862,16289.265,0.472816627,0.922177356,0.099076372,0.010752196,0.009065924
Oct-13,14058.05229,341.37396,3.88722,768.82916,806.01,10820.24548,1032.79535,141.49548,101.70844,28074.39738,12096.24475,0.430863914,0.894512777,0.096865369,0.013270792,0.009539185
Nov-13,13107.85329,932.15958,2.34974,2727.89574,782.654,7191.16964,1150.69793,166.081,117.00564,26177.86656,8624.95421,0.329475062,0.833763225,0.107923394,0.015576656,0.010973902
Dec-13,13942.12975,1364.72375,3.36934,2970.85338,782.193,7740.99594,748.28076,173.53755,105.42713,27831.5106,8768.24138,0.315047268,0.882844758,0.070180885,0.016276002,0.009887959
Jan-14,12379.30688,1113.58479,4.43638,2325.50999,742.828,7660.74953,226.00962,156.44113,106.38077,24715.24709,8149.58105,0.329739008,0.940017589,0.021197331,0.014672537,0.0099774
Feb-14,13636.59069,1243.14176,4.48448,2195.68141,807.674,8681.12314,391.76077,164.72904,108.42025,27233.60554,9346.0332,0.343180163,0.928856441,0.03674305,0.015449856,0.010168682
Mar-14,15559.464,1287.64855,25.54896,3244.73846,834.343,9555.00766,297.6129,163.39446,97.99236,31065.75035,10114.00738,0.32556778,0.944730145,0.027912968,0.015324686,0.009190655
Apr-14,13028.05794,813.11149,4.41578,2650.00352,612.921,8054.16031,600.64113,151.69966,101.32375,26016.33458,8907.82485,0.342393538,0.904166892,0.056333837,0.014227837,0.009503105
May-14,13301.15476,1359.34343,1.95178,3434.47555,721.34,6843.26585,613.48034,169.00495,118.04237,26562.05903,7743.79351,0.29153589,0.883709753,0.05753802,0.015850891,0.011071136
Jun-14,12657.54666,1083.82613,2.65816,3952.43351,547.254,6148.51363,616.49066,145.05315,115.91877,25269.69467,7025.97621,0.278039616,0.875111649,0.057820357,0.013604464,0.010871965
Jul-14,13528.00427,1046.04729,4.08412,4131.19235,105.617,7109.50911,805.76578,158.22872,121.11978,27009.56842,8194.62339,0.30339705,0.867582166,0.075572377,0.014840194,0.011359765
Aug-14,15723.0236,770.58638,2.88517,3420.91411,695.488,9945.95051,576.67412,145.21539,125.20596,31405.94324,10793.04598,0.343662532,0.921514698,0.054085983,0.01361968,0.011743006
Sep-14,16200.36643,100.05118,4.03171,482.60344,19.858,14547.12746,821.61318,95.58703,88.31075,32359.54918,15552.63842,0.480619749,0.935347885,0.077058697,0.008965061,0.008282622
Oct-14,15058.53648,432.7365,2.89487,960.46081,709.683,12023.29664,714.75529,100.89901,81.36386,30084.62646,12920.3148,0.429465688,0.930573041,0.067036548,0.009463269,0.007631077
Nov-14,14431.49489,1286.76912,4.91306,2495.27406,821.82,8773.75616,805.95887,115.11013,108.00345,28843.09974,9802.82861,0.339867376,0.895022907,0.075590487,0.010796123,0.010129591
Dec-14,13216.80614,1225.09807,3.72467,2739.2075,593.407,8142.53612,257.46273,113.58785,107.24129,26399.07137,8620.82799,0.326558002,0.944519033,0.024147303,0.010653349,0.010058108
Jan-15,16716.05368,1346.75055,3.08032,1842.39683,804.901,11900.30591,556.7956,105.34806,114.50072,33390.13267,12676.95029,0.379661573,0.938735708,0.052221586,0.009880543,0.010738966
Feb-15,15426.53946,1400.37584,3.88309,2775.56068,828.714,9627.61921,517.0371,118.9534,105.60938,30804.29216,10369.21909,0.336616048,0.928480643,0.048492656,0.011156581,0.009905052
Mar-15,12793.51722,1290.85099,3.88142,2238.07968,632.563,7945.17201,395.75864,126.54402,114.25226,25540.61924,8581.72693,0.336003088,0.925824379,0.037118009,0.011868502,0.010715663
Apr-15,12744.0284,1445.69475,0.462,2646.79364,821.604,7145.74174,408.56605,116.57171,119.0867,25448.54899,7789.9662,0.306106498,0.917300737,0.038319209,0.010933203,0.011169083
May-15,12867.16252,1298.84789,2.30844,3301.803,789.085,6915.97501,316.70807,116.0948,111.42552,25719.41025,7460.2034,0.290061216,0.927049122,0.029703895,0.010888474,0.010450545
Jun-15,14433.38754,1166.25337,4.03323,3440.7212,718.798,8262.22041,543.68316,130.6179,123.51772,28823.23253,9060.03919,0.314331128,0.911940913,0.050991777,0.012250589,0.011584666
Jul-15,16848.94095,1124.44784,4.02745,1651.06306,802.249,12408.15522,581.97744,113.78096,116.2224,33650.86432,13220.13602,0.392861708,0.938579997,0.054583379,0.01067146,0.010900442
Aug-15,18972.74028,304.89146,5.82678,238.59987,712.652,16705.40697,794.92195,92.68768,76.31789,37904.04488,17669.33449,0.466159602,0.945446303,0.07455534,0.008693132,0.007157817
Sep-15,16855.29193,335.93217,1.79604,986.04501,751.934,13932.31267,616.32862,94.18212,96.64033,33670.46289,14739.46374,0.437756493,0.945238776,0.057805159,0.008833295,0.009063849
Oct-15,14545.62915,864.38487,2.23042,2931.82981,802.816,9044.02086,653.92419,106.2397,97.84542,29048.92042,9902.03017,0.340874292,0.913350162,0.061331229,0.009964169,0.009176874
Nov-15,15340.97069,1255.44537,3.32008,2743.58081,805.559,9629.4663,618.35971,118.3526,119.37068,30634.42524,10485.54929,0.342279942,0.918355923,0.057995654,0.011100232,0.011195718
Dec-15,14234.02178,1247.67126,3.77058,2769.7816,781.476,8705.83805,475.16218,112.50943,99.57888,28429.80976,9393.08854,0.330395758,0.92683445,0.044565228,0.010552204,0.009339454
Jan-16,16455.21159,1161.61664,14.56266,3172.21082,822.189,10482.35406,517.76336,119.96665,123.39038,32869.26516,11243.47445,0.342066499,0.932305588,0.048560772,0.011251613,0.011572723
Feb-16,15374.42915,1362.76021,5.51784,2805.98263,839.837,9466.96974,592.2588,118.81559,120.16329,30686.73425,10298.20742,0.335591508,0.919283265,0.055547662,0.011143656,0.011270056
Mar-16,12999.98887,1235.06036,5.0002,2594.43983,795.942,7760.87696,296.41968,118.64433,142.56805,25948.94028,8318.50902,0.320572206,0.932964903,0.027801056,0.011127594,0.013371387
Apr-16,12630.73277,1172.91499,4.00652,3009.79651,831.062,7007.61191,298.7469,137.25858,133.87033,25226.00051,7577.48772,0.300384031,0.924793569,0.028019325,0.012873415,0.012555633
May-16,11871.77572,1219.00509,2.44516,2945.29593,783.552,6315.85072,314.17913,112.43665,133.31694,23697.85734,6875.78344,0.290143676,0.918564521,0.029466706,0.010545378,0.01250373
Jun-16,14231.46832,1312.94351,2.26371,2849.53049,764.693,8672.88411,322.04756,99.61639,148.89903,28404.34612,9243.44709,0.325423689,0.938273787,0.030204683,0.009342972,0.013965167
Jul-16,15649.64987,1270.09535,3.49899,2419.55149,768.651,10621.9378,265.63749,118.00831,132.41733,31249.44763,11138.00093,0.35642233,0.953666449,0.02491401,0.011067942,0.012419356
Aug-16,14407.87498,1032.30587,4.61794,1299.23515,42.4,11455.07789,346.44434,86.38181,102.14584,28776.48382,11990.04988,0.416661395,0.955382005,0.032492845,0.008101708,0.009580208
Sep-16,15800.60939,516.84973,2.71493,626.05025,254.847,13830.40504,307.21992,105.23455,109.41538,31553.34619,14352.27489,0.45485746,0.963638527,0.028814006,0.009869897,0.010262015
Oct-16,15373.52675,946.65129,4.57206,763.10898,619.52,12470.16009,307.03621,118.03331,108.24802,30710.85671,13003.47763,0.42341631,0.958986545,0.028796776,0.011070286,0.010152529
Nov-16,15741.93419,835.11228,7.40996,745.20958,811.071,12795.35643,327.47581,89.03805,92.45938,31445.06668,13304.32967,0.423097518,0.961743789,0.030713796,0.008350835,0.00867172
Dec-16,12768.06279,951.09576,5.44192,1783.4381,758.783,8776.2372,245.75424,92.32219,112.75373,25493.88893,9227.06736,0.361932516,0.951140472,0.02304917,0.008658853,0.010575117
Jan-17,16702.04834,1137.2101,3.97352,1960.67744,838.202,12264.95672,233.86421,96.94093,125.62287,33363.49613,12721.38473,0.381296513,0.964121201,0.02193401,0.009092042,0.011782107
Feb-17,15154.29969,1263.16348,8.23152,2410.74586,831.223,10200.87798,154.94836,118.31727,125.90769,30267.71485,10600.0513,0.350209831,0.962342322,0.014532531,0.011096919,0.01180882
Mar-17,12612.04638,1126.2176,8.33019,1822.29297,594.308,8454.58585,318.74864,118.62461,127.27674,25182.43098,9019.23584,0.358155884,0.937394919,0.029895279,0.011125744,0.011937223
Apr-17,12730.10577,1327.29463,1.55771,2965.0272,815.969,7137.482,163.64033,135.68823,139.40712,25416.17199,7576.21768,0.298086497,0.942090407,0.015347746,0.012726133,0.013074925
May-17,11918.52867,926.31742,3.32755,2886.86703,803.113,6874.77247,129.70057,131.7625,121.85054,23796.23975,7258.08608,0.30500979,0.94718806,0.012164553,0.01235794,0.011428302
Jun-17,13581.29987,1011.43785,2.58251,2813.04058,814.262,8474.04631,137.79733,138.69017,133.48304,27106.63966,8884.01685,0.327743201,0.953853021,0.012923944,0.013007683,0.012519309
Jul-17,15583.02706,1045.43885,4.09397,2413.62323,793.942,10851.87191,160.97629,135.34298,126.4416,31114.75789,11274.63278,0.362356436,0.962503358,0.015097887,0.012693752,0.011858896
Aug-17,16589.45872,9.50234,1.1942,676.83949,747.664,14752.55188,143.36528,98.67273,97.55111,33116.79975,15092.141,0.455724621,0.977498943,0.013446159,0.009254467,0.009149271
Sep-17,16509.52198,50.55116,2.22787,296.48042,787.703,14929.72448,159.20501,118.4775,112.36648,32966.2579,15319.77347,0.464710721,0.974539507,0.01493176,0.011111947,0.010538797
Oct-17,15883.66079,165.09384,1.82807,276.61588,801.217,14242.28285,158.56856,96.35867,95.32583,31720.95149,14592.53591,0.460028316,0.975997794,0.014872067,0.009037432,0.008940563
Nov-17,14269.61068,760.1626,2.976,1186.64377,810.623,11052.72619,173.46266,116.03503,120.01198,28492.25191,11462.23586,0.402293083,0.964273142,0.016268978,0.010882869,0.011255865
Dec-17,14618.03145,572.21137,6.35721,1359.02018,721.682,11525.42852,160.2662,120.35997,105.61745,29188.97435,11911.67214,0.408088068,0.967574358,0.015031288,0.011288503,0.009905809
Jan-18,15480.34465,568.36165,7.48724,925.24946,806.571,12603.94735,277.80777,136.87333,112.86975,30919.5122,13131.4982,0.424699397,0.95982554,0.026055454,0.012837282,0.010585998
Feb-18,14229.14653,877.06581,37.6096,2541.99505,844.423,9511.97143,101.41648,145.1401,125.16124,28413.92924,9883.68925,0.34784662,0.962390782,0.009511802,0.013612619,0.011738811
Mar-18,13097.35891,949.20344,16.2282,2011.84404,781.728,8905.88008,137.60737,135.30533,123.57793,26158.7333,9302.37071,0.35561243,0.957377464,0.012906128,0.012690221,0.011590313
Apr-18,12444.32759,1336.23273,6.7685,2005.01759,835.588,7854.50179,113.09941,132.00729,124.4795,24852.0224,8224.08799,0.330922283,0.955060525,0.010607538,0.012380899,0.011674871
May-18,11490.53731,1371.58313,4.57972,2166.29068,801.911,6735.52802,102.87532,148.33922,122.66624,22944.31064,7109.4088,0.309854975,0.947410426,0.009648626,0.013912663,0.011504806
Jun-18,13892.25691,1344.81716,7.12053,2865.67752,826.39,8425.70618,100.49858,152.82098,129.70955,27744.99741,8808.73529,0.317489137,0.956517128,0.009425713,0.014333005,0.012165395
Jul-18,14783.08023,1321.671,14.22473,2113.12887,769.051,10153.70012,91.97495,151.47761,125.7617,29524.07021,10522.91438,0.356418146,0.964913308,0.008626285,0.014207011,0.011795128
Aug-18,13589.00561,1253.33582,6.17976,805.10052,76.023,11071.05171,131.67966,103.93013,100.04613,27136.35234,11406.70763,0.42034786,0.970573812,0.012350171,0.009747556,0.009383277
Sep-18,13643.80798,364.31186,6.26773,561.14965,142.6,12215.4963,102.72663,89.11032,119.61792,27245.08839,12526.95117,0.459787503,0.975137217,0.00963468,0.008357613,0.011218906
Oct-18,12710.04832,1256.28833,7.82293,1928.38989,782.298,8363.77947,97.26965,125.21068,112.3963,25383.50357,8698.6561,0.342689341,0.961502487,0.009122873,0.011743448,0.010541594
Nov-18,13664.91767,1363.43154,7.98273,2087.44808,816.109,8970.52253,128.04955,142.37223,110.26489,27291.09822,9351.2092,0.342646863,0.959290113,0.012009704,0.013353022,0.01034169
Dec-18,13353.71535,1203.15636,12.3063,2020.21336,736.839,9039.75647,55.66782,137.9948,113.47938,26673.12884,9346.89847,0.350423774,0.967139688,0.005221058,0.012942465,0.010643175
Jan-19,15217.63429,1414.97729,18.39608,2260.56571,829.313,10317.22111,69.8786,151.48258,118.70816,30398.17682,10657.29045,0.350589791,0.96809045,0.00655388,0.014207477,0.01113358
Feb-19,15413.01119,1231.54893,9.87785,2071.76826,828.49,10866.37654,127.27373,148.02327,91.2371,30787.60687,11232.91064,0.364851698,0.967369624,0.011936941,0.01388303,0.008557083
Mar-19,13610.29231,1318.96924,18.07832,2354.59882,796.763,8776.0931,80.19084,141.19969,86.67964,27182.86496,9084.16327,0.334187117,0.966087117,0.00752106,0.01324305,0.008129641
Apr-19,12945.68556,1442.3468,7.0412,2199.59229,821.93,8071.78944,125.75474,140.56329,97.88713,25852.59045,8435.9946,0.326311385,0.956827241,0.011794475,0.013183362,0.009180786
May-19,12848.62824,1396.65977,1.38879,2276.05948,791.277,8024.75978,110.87373,133.57111,74.92838,25658.14628,8344.133,0.325204047,0.961724817,0.010398793,0.012527569,0.007027496
Jun-19,13274.91224,1337.73961,7.09447,2771.51788,206.315,8576.5405,104.51955,137.26649,94.81272,26510.71846,8913.13926,0.336208891,0.962235667,0.009802837,0.012874157,0.008892439
Jul-19,13797.68216,896.24443,7.8742,2452.84297,771.274,9299.44829,91.03898,148.92582,89.63674,27554.96759,9629.04983,0.349448781,0.965770087,0.008538501,0.01396768,0.008406986
Aug-19,14604.46372,682.72456,3.33906,873.77506,770.478,11935.85266,99.8499,115.07847,85.97216,29171.53359,12236.75319,0.419475827,0.975410101,0.009364873,0.010793153,0.008063287
Sep-19,13945.45902,383.70344,1.76022,1366.21178,786.513,11050.1328,135.0443,95.6528,88.52725,27853.00461,11369.35715,0.408191407,0.971922392,0.012665739,0.008971229,0.008302927
Oct-19,12575.18956,1346.99575,1.87992,1385.64978,798.993,8694.11676,105.51858,122.33865,88.77393,25119.45593,9010.74792,0.358715887,0.964860724,0.009896536,0.011474082,0.008326063
Nov-19,13136.83491,1361.95773,10.87408,1559.63885,830.737,8988.98699,163.84177,123.6985,81.28191,26257.85174,9357.80917,0.35638137,0.960586696,0.015366639,0.011601622,0.00762339
Dec-19,13469.5347,1300.94665,16.86802,2247.39525,780.106,8783.75648,91.50345,128.39543,85.05243,26903.55841,9088.70779,0.33782549,0.966447231,0.008582064,0.012042144,0.007977026
Jan-20,14787.67542,1364.35788,62.87623,2138.75572,798.707,10050.32014,120.17847,140.1352,91.58199,29554.58805,10402.2158,0.351966192,0.966171086,0.01127148,0.013143212,0.00858943
Feb-20,14308.112,1379.979,11.314,1486.461,831.164,10257.685,66.172,126.1185,106.89,28573.8955,10556.8655,0.369458393,0.971660101,0.006206239,0.011828592,0.010025161
Mar-20,12970.851,1261.396,9.269,2169.9,806.785,8337.887,105.52,132.13825,108.9632,25902.70945,8684.50845,0.335274133,0.960087384,0.009896669,0.012393182,0.010219605
Apr-20,12325.691,1436.132,4.004,2107.718,817.158,7599.003,87.231,132.9597,102.20795,24612.10465,7921.40165,0.321849828,0.959300303,0.008181353,0.012470225,0.009586033
May-20,11395.747,1260.847,5.707,2270.221,796.028,6755.884,69.023,117.3426,80.7271,22751.5267,7022.9767,0.308681558,0.961968733,0.006473633,0.011005505,0.007571355
Jun-20,13155.328,1445.216,4.548,2259.236,819.854,8278.142,76.267,131.66455,103.3192,26273.57475,8589.39275,0.326921359,0.963763358,0.007153045,0.012348754,0.009690257
Jul-20,13881.357,1378.839,5.229,2352.015,666.947,9122.402,87.187,135.809,101.6693,27731.4543,9447.0673,0.340662527,0.965633218,0.008177226,0.012737459,0.009535514
Aug-20,14253.934,1252.901,9.196,545.723,11.567,12095.385,102.167,112.64529,90.28303,28473.80132,12400.48032,0.435504911,0.975396492,0.009582193,0.010564946,0.008467601
Sep-20,13713.143,873.042,6.17,318.397,70.591,12099.762,85.128,125.19311,82.3795,27373.80561,12392.46261,0.45271245,0.976380755,0.007984113,0.0117418,0.007726333
Oct-20,14207.745,1191.51,2.998,471.087,793.479,11381.983,103.012,136.86665,90.0992,28378.77985,11711.96085,0.412701353,0.971825568,0.009661445,0.012836656,0.00845036
Nov-20,13968.651,1385.197,21.481,1334.553,451.885,10362.387,138.329,126.13305,109.4875,27898.10355,10736.33655,0.384841089,0.965169725,0.012973809,0.011829957,0.010268779
Dec-20,12224.556,1236.136,25.198,1559.961,718.423,8374.405,71.296,112.2911,96.40365,24418.66975,8654.39575,0.354417167,0.967647568,0.006686817,0.010531727,0.009041651
Jan-21,13078.651,1383.741,5.689,1825.849,830.827,8696.224,55.961,135.46955,107.50205,26119.9136,8995.1566,0.344379263,0.966767382,0.005248555,0.012705623,0.010082565
Feb-21,12780.102,1372.192,5.786,1508.423,837.172,8726.252,81.583,122.95572,85.33692,25519.80264,9016.12764,0.35329927,0.967849208,0.00765163,0.011531957,0.008003708
Mar-21,12175.601,1306.319,8.234,1235.817,806.991,8510.616,63.572,121.35976,98.67644,24327.1862,8794.2242,0.361497796,0.967750629,0.005962387,0.011382272,0.009254815
Apr-21,11550.661,1369.984,2.54,1286.129,830.425,7726.144,48.987,121.49472,118.36612,23054.73084,8014.99184,0.347650636,0.963961555,0.004594467,0.01139493,0.0111015
May-21,11118.615,1306.237,5.332,1267.196,761.289,7450.176,58.957,113.32844,112.25796,22193.3884,7734.7194,0.348514578,0.963212188,0.005529548,0.010629019,0.010528619
Jun-21,13048.394,1254.582,3.021,1161.903,809.137,9499.61,57.564,102.74216,113.48024,26050.4334,9773.3964,0.375172123,0.971986565,0.005398899,0.009636137,0.010643256
Jul-21,14772.641,560.54,7.28,538.533,694.707,12646.814,69.073,92.07096,116.55084,29498.2098,12924.5088,0.438145531,0.978514093,0.006478323,0.00863529,0.010931246
Aug-21,16075.051,184.185,6.859,586.592,551.646,14455.481,64.131,98.07056,91.64104,32113.6566,14709.3236,0.458039512,0.982742741,0.006014815,0.00919799,0.008594968
Sep-21,14399.938,744.865,4.27,453.116,808.114,12101.369,57.904,99.81408,83.51152,28752.9016,12342.5986,0.429264454,0.980455526,0.005430788,0.009361514,0.007832504
Oct-21,13612.282,724.639,6.206,581.693,803.086,11192.227,68.477,102.18836,92.63568,27183.43404,11455.52804,0.421415779,0.977015373,0.006422424,0.009584196,0.008688255
Nov-21,12785.132,1291.959,8.903,1460.37,831.207,8846.181,95.5,108.20888,97.49888,25524.95976,9147.38876,0.35837035,0.967071722,0.008956898,0.010148858,0.009144372
Dec-21,12617.356,1076.306,6.086,1326.878,471.815,9467.301,41.663,108.16296,80.6804,25196.24836,9697.80736,0.384890926,0.976231085,0.003907552,0.010144551,0.007566975
Jan-22,14715.575,1339.352,15.557,1454.542,842.886,10726.981,85.329,117.18752,90.29788,29387.7074,11019.7954,0.374979758,0.973428327,0.008002965,0.01099096,0.008468994
Feb-22,13263.304,1335.751,5.756,1781.29,842.069,9078.685,25.213,82.59375,92.45065,26507.1124,9278.9424,0.350054818,0.978418079,0.002364715,0.007746427,0.008670901
Mar-22,11288.073,1297.451,9.446,1685.179,814.44,7272.058,6.511,82.12769,102.6561,22557.94179,7463.35279,0.33085256,0.974368786,0.000610663,0.007702716,0.009628065
Apr-22,10520.128,1157.462,7.289,1985.908,841.249,6279.787,7.468,112.23383,109.93758,21021.46241,6509.42641,0.309656211,0.964722021,0.00070042,0.010526356,0.010310992
May-22,10349.866,1175.324,4.272,1975.903,805.414,6146.874,4.782,104.22576,114.63418,20681.29494,6370.51594,0.30803274,0.964894219,0.000448501,0.009775283,0.010751484
Jun-22,11698.266,1311.876,4.099,2202.956,785.605,7143.084,4.966,100.95473,126.30813,23378.11486,7375.31286,0.315479366,0.968512677,0.000465759,0.009468495,0.011846378
Jul-22,10426.781,1205.073,4.771,1920.586,595.523,6445.616,7.492,111.38548,117.86832,20835.0958,6682.3618,0.320726233,0.964571538,0.000702671,0.01044679,0.011054812
Aug-22,10929.482,825.068,7.782,1646.103,-7.286,8219.37,6.447,109.32015,110.77853,21847.06468,8445.91568,0.386592698,0.973176895,0.000604661,0.010253083,0.010389864
Sep-22,11186.143,645.434,3.401,1680.015,389.614,8256.493,5.782,88.31199,98.91987,22354.11386,8449.50686,0.377984424,0.97715679,0.000542291,0.008282738,0.009277646
Oct-22,10822.888,1011.353,7.982,1734.883,751.937,7067.097,6.128,109.88223,114.54596,21626.69619,7297.65319,0.337437264,0.968406804,0.000574742,0.0103058,0.010743209
Nov-22,12579.571,1288.249,13.012,1827.987,831.472,8356.973,7.693,108.90406,128.43237,25142.29343,8602.00243,0.342132767,0.971514838,0.000721523,0.010214058,0.012045609
Dec-22,11309.338,1122.219,74.435,1701.155,758.058,7459.488,2.894,96.99495,76.0612,22600.64315,7635.43815,0.337841631,0.976956116,0.000271427,0.009097109,0.007133743
Jan-23,13073.678,1224.435,284.06,1620.531,842.334,8876.05,3.211,114.39674,91.68267,26130.37841,9085.34041,0.347692646,0.832480376,0.000301158,0.010729214,0.008598873
,,,,,,,,,,,,,,,,
,,,,,,,,,,,,,,,,
,,,,,,,,,,,,,,,,
,,,,,,,,,,,,,,,,
,,,,,,,,,,,,,,,,
,,,,,,,,,,,,,,,,
,,,,,,,,,,,,,,,,
,,,,,,,,,,,,,,,,
,,,,,,,,,,,,,,,,
,,,,,,,,,,,,,,,,
,,,,,,,,,,,,,,,,
,,,,,,,,,,,,,,,,
,,,,,,,,,,,,,,,,
,,,,,,,,,,,,,,,,
,,,,,,,,,,,,,,,,
,,,,,,,,,,,,,,,,
,,,,,,,,,,,,,,,,
,,,,,,,,,,,,,,,,
,,,,,,,,,,,,,,,,
,,,,,,,,,,,,,,,,
,,,,,,,,,,,,,,,,
,,,,,,,,,,,,,,,,
,,,,,,,,,,,,,,,,
,,,,,,,,,,,,,,,,
,,,,,,,,,,,,,,,,
,,,,,,,,,,,,,,,,
,,,,,,,,,,,,,,,,
,,,,,,,,,,,,,,,,
,,,,,,,,,,,,,,,,
,,,,,,,,,,,,,,,,
,,,,,,,,,,,,,,,,
,,,,,,,,,,,,,,,,
,,,,,,,,,,,,,,,,
,,,,,,,,,,,,,,,,
,,,,,,,,,,,,,,,,
,,,,,,,,,,,,,,,,
,,,,,,,,,,,,,,,,
,,,,,,,,,,,,,,,,
,,,,,,,,,,,,,,,,
,,,,,,,,,,,,,,,,
,,,,,,,,,,,,,,,,
,,,,,,,,,,,,,,,,
,,,,,,,,,,,,,,,,
,,,,,,,,,,,,,,,,
,,,,,,,,,,,,,,,,
,,,,,,,,,,,,,,,,
,,,,,,,,,,,,,,,,
,,,,,,,,,,,,,,,,
,,,,,,,,,,,,,,,,
,,,,,,,,,,,,,,,,
,,,,,,,,,,,,,,,,
,,,,,,,,,,,,,,,,
,,,,,,,,,,,,,,,,
,,,,,,,,,,,,,,,,
,,,,,,,,,,,,,,,,
,,,,,,,,,,,,,,,,
,,,,,,,,,,,,,,,,
,,,,,,,,,,,,,,,,
,,,,,,,,,,,,,,,,
,,,,,,,,,,,,,,,,
,,,,,,,,,,,,,,,,
,,,,,,,,,,,,,,,,
,,,,,,,,,,,,,,,,
,,,,,,,,,,,,,,,,
,,,,,,,,,,,,,,,,
,,,,,,,,,,,,,,,,
,,,,,,,,,,,,,,,,
,,,,,,,,,,,,,,,,
,,,,,,,,,,,,,,,,
,,,,,,,,,,,,,,,,
,,,,,,,,,,,,,,,,
,,,,,,,,,,,,,,,,
,,,,,,,,,,,,,,,,
,,,,,,,,,,,,,,,,
,,,,,,,,,,,,,,,,
,,,,,,,,,,,,,,,,
,,,,,,,,,,,,,,,,
,,,,,,,,,,,,,,,,
,,,,,,,,,,,,,,,,
,,,,,,,,,,,,,,,,
,,,,,,,,,,,,,,,,
,,,,,,,,,,,,,,,,
,,,,,,,,,,,,,,,,
,,,,,,,,,,,,,,,,
,,,,,,,,,,,,,,,,
,,,,,,,,,,,,,,,,
,,,,,,,,,,,,,,,,
,,,,,,,,,,,,,,,,
,,,,,,,,,,,,,,,,
,,,,,,,,,,,,,,,,
,,,,,,,,,,,,,,,,
,,,,,,,,,,,,,,,,
,,,,,,,,,,,,,,,,
,,,,,,,,,,,,,,,,
,,,,,,,,,,,,,,,,
,,,,,,,,,,,,,,,,
,,,,,,,,,,,,,,,,
,,,,,,,,,,,,,,,,
,,,,,,,,,,,,,,,,
,,,,,,,,,,,,,,,,
,,,,,,,,,,,,,,,,
,,,,,,,,,,,,,,,,
,,,,,,,,,,,,,,,,
,,,,,,,,,,,,,,,,
,,,,,,,,,,,,,,,,
,,,,,,,,,,,,,,,,
,,,,,,,,,,,,,,,,
,,,,,,,,,,,,,,,,
,,,,,,,,,,,,,,,,
,,,,,,,,,,,,,,,,
,,,,,,,,,,,,,,,,
,,,,,,,,,,,,,,,,
,,,,,,,,,,,,,,,,
,,,,,,,,,,,,,,,,
,,,,,,,,,,,,,,,,
,,,,,,,,,,,,,,,,
,,,,,,,,,,,,,,,,
,,,,,,,,,,,,,,,,
,,,,,,,,,,,,,,,,
,,,,,,,,,,,,,,,,
,,,,,,,,,,,,,,,,
,,,,,,,,,,,,,,,,
,,,,,,,,,,,,,,,,
,,,,,,,,,,,,,,,,
,,,,,,,,,,,,,,,,
,,,,,,,,,,,,,,,,
,,,,,,,,,,,,,,,,
,,,,,,,,,,,,,,,,
,,,,,,,,,,,,,,,,
,,,,,,,,,,,,,,,,
,,,,,,,,,,,,,,,,
,,,,,,,,,,,,,,,,
,,,,,,,,,,,,,,,,
,,,,,,,,,,,,,,,,
,,,,,,,,,,,,,,,,
,,,,,,,,,,,,,,,,
,,,,,,,,,,,,,,,,
,,,,,,,,,,,,,,,,
,,,,,,,,,,,,,,,,
,,,,,,,,,,,,,,,,
,,,,,,,,,,,,,,,,
,,,,,,,,,,,,,,,,
,,,,,,,,,,,,,,,,
,,,,,,,,,,,,,,,,
,,,,,,,,,,,,,,,,
,,,,,,,,,,,,,,,,
,,,,,,,,,,,,,,,,
,,,,,,,,,,,,,,,,
,,,,,,,,,,,,,,,,
,,,,,,,,,,,,,,,,
,,,,,,,,,,,,,,,,
,,,,,,,,,,,,,,,,
,,,,,,,,,,,,,,,,
,,,,,,,,,,,,,,,,
,,,,,,,,,,,,,,,,
,,,,,,,,,,,,,,,,
,,,,,,,,,,,,,,,,
,,,,,,,,,,,,,,,,
,,,,,,,,,,,,,,,,
,,,,,,,,,,,,,,,,
,,,,,,,,,,,,,,,,
,,,,,,,,,,,,,,,,
,,,,,,,,,,,,,,,,
,,,,,,,,,,,,,,,,
,,,,,,,,,,,,,,,,
,,,,,,,,,,,,,,,,
,,,,,,,,,,,,,,,,
,,,,,,,,,,,,,,,,
,,,,,,,,,,,,,,,,
,,,,,,,,,,,,,,,,
,,,,,,,,,,,,,,,,
,,,,,,,,,,,,,,,,
,,,,,,,,,,,,,,,,
,,,,,,,,,,,,,,,,
,,,,,,,,,,,,,,,,
,,,,,,,,,,,,,,,,
,,,,,,,,,,,,,,,,
,,,,,,,,,,,,,,,,
,,,,,,,,,,,,,,,,
,,,,,,,,,,,,,,,,
,,,,,,,,,,,,,,,,
,,,,,,,,,,,,,,,,
,,,,,,,,,,,,,,,,
,,,,,,,,,,,,,,,,
,,,,,,,,,,,,,,,,
,,,,,,,,,,,,,,,,
,,,,,,,,,,,,,,,,
,,,,,,,,,,,,,,,,
,,,,,,,,,,,,,,,,
,,,,,,,,,,,,,,,,
,,,,,,,,,,,,,,,,
,,,,,,,,,,,,,,,,
,,,,,,,,,,,,,,,,
,,,,,,,,,,,,,,,,
,,,,,,,,,,,,,,,,
,,,,,,,,,,,,,,,,
,,,,,,,,,,,,,,,,
,,,,,,,,,,,,,,,,
,,,,,,,,,,,,,,,,
,,,,,,,,,,,,,,,,
,,,,,,,,,,,,,,,,
,,,,,,,,,,,,,,,,
,,,,,,,,,,,,,,,,
,,,,,,,,,,,,,,,,
,,,,,,,,,,,,,,,,
,,,,,,,,,,,,,,,,
,,,,,,,,,,,,,,,,
,,,,,,,,,,,,,,,,
,,,,,,,,,,,,,,,,
,,,,,,,,,,,,,,,,
,,,,,,,,,,,,,,,,
,,,,,,,,,,,,,,,,
,,,,,,,,,,,,,,,,
,,,,,,,,,,,,,,,,
,,,,,,,,,,,,,,,,
,,,,,,,,,,,,,,,,
,,,,,,,,,,,,,,,,
,,,,,,,,,,,,,,,,
,,,,,,,,,,,,,,,,
,,,,,,,,,,,,,,,,
,,,,,,,,,,,,,,,,
,,,,,,,,,,,,,,,,
,,,,,,,,,,,,,,,,
,,,,,,,,,,,,,,,,
,,,,,,,,,,,,,,,,
,,,,,,,,,,,,,,,,
,,,,,,,,,,,,,,,,
,,,,,,,,,,,,,,,,
,,,,,,,,,,,,,,,,
,,,,,,,,,,,,,,,,
,,,,,,,,,,,,,,,,
,,,,,,,,,,,,,,,,
,,,,,,,,,,,,,,,,
,,,,,,,,,,,,,,,,
,,,,,,,,,,,,,,,,
,,,,,,,,,,,,,,,,
,,,,,,,,,,,,,,,,
,,,,,,,,,,,,,,,,
,,,,,,,,,,,,,,,,
,,,,,,,,,,,,,,,,
,,,,,,,,,,,,,,,,
,,,,,,,,,,,,,,,,
,,,,,,,,,,,,,,,,
,,,,,,,,,,,,,,,,
,,,,,,,,,,,,,,,,
,,,,,,,,,,,,,,,,
,,,,,,,,,,,,,,,,
,,,,,,,,,,,,,,,,
,,,,,,,,,,,,,,,,
,,,,,,,,,,,,,,,,
,,,,,,,,,,,,,,,,
,,,,,,,,,,,,,,,,
,,,,,,,,,,,,,,,,
,,,,,,,,,,,,,,,,
,,,,,,,,,,,,,,,,
,,,,,,,,,,,,,,,,
,,,,,,,,,,,,,,,,
,,,,,,,,,,,,,,,,
,,,,,,,,,,,,,,,,
,,,,,,,,,,,,,,,,
,,,,,,,,,,,,,,,,
,,,,,,,,,,,,,,,,
,,,,,,,,,,,,,,,,
,,,,,,,,,,,,,,,,
,,,,,,,,,,,,,,,,
